{
  "accuracy": 0.496875,
  "f1": 0.32748538011695905,
  "roc_auc": 0.4897882705639872
}