{
  "accuracy": 0.516875,
  "f1": 0.3443596268023749,
  "roc_auc": 0.49674544402896914
}